,Address Recognizer,Cap,Address,Neighborhood,Sell Price,Loan Price
0,piazza-piemonte,20145,piazza piemonte,SACCO,5388 ,"17,00 "
1,via-ravizza,20149,via ravizza,SACCO,0,0
2,via-marghera,20146,via marghera,SACCO,0,0
3,via-dei-gracchi,20146,via dei gracchi,SACCO,0,0
4,milano-lombardia,20149,milano lombardia,SACCO,0,0
5,via-luigi-sacco,20146,via luigi sacco,SACCO,0,0
6,via-sacco,20146,via sacco,SACCO,0,0
7,via-cuneo,20149,via cuneo,SACCO,0,0
8,piazza-riccardo-wagner,20149,piazza riccardo wagner,SACCO,0,0
9,via-vittoria-colonna,20149,via vittoria colonna,SACCO,5388 ,"17,00 "
10,via-raffaello-sanzio,20149,via raffaello sanzio,SACCO,5388 ,"17,00 "
11,viale-ergisto-bezzi,20146,viale ergisto bezzi,SACCO,4044 ,"13,26 "
12,via-giorgio-washington,20146,via giorgio washington,SACCO,5388 ,"17,00 "
13,via-antonio-cecchi,20121,via antonio cecchi,SACCO,0,0
14,via-michelangelo-buonarroti,20149,via michelangelo buonarroti,SACCO,5388 ,"17,00 "
15,piazza-de-angeli,20100,piazza de angeli,SACCO,0,0
16,via-parmigianino,20146,via parmigianino,SACCO,0,0
17,via-federico-faruffini,20149,via federico faruffini,SACCO,0,0
18,viale-rubicone,20161,viale rubicone,COMASINA,0,0
19,via-ippocrate,20161,via ippocrate,COMASINA,0,0
20,via-teano,20161,via teano,COMASINA,0,0
21,via-comasina,20161,via comasina,COMASINA,2532 ,"7,38 "
22,via-gerolamo-fornì,20161,via gerolamo fornì,COMASINA,0,0
23,via-privata-polonia,20157,via privata polonia,STEPHENSON,0,0
24,via-privata-venezia-giulia,20157,via privata venezia giulia,STEPHENSON,0,0
25,via-cremosano,20148,via cremosano,QT 8,0,0
26,via-giovanni-cimabue,20148,via giovanni cimabue,QT 8,2960 ,"9,88 "
27,viale-achille-papa,20149,viale achille papa,QT 8,2463 ,"8,25 "
28,piazza-cordusio,20123,piazza cordusio,ORTOMERCATO,10367 ,"33,84 "
29,via-manfredo-camperio,20123,via manfredo camperio,ORTOMERCATO,10367 ,"33,84 "
30,via-dante,20121,via dante,ORTOMERCATO,9309 ,"29,17 "
31,piazza-pio-xi,20123,piazza pio xi,ORTOMERCATO,0,0
32,via-spadari,20123,via spadari,ORTOMERCATO,0,0
33,via-meravigli,20123,via meravigli,ORTOMERCATO,0,0
34,via-mengoni,20121,via mengoni,ORTOMERCATO,0,0
35,via-san-giovanni-sul-muro,20121,via san giovanni sul muro,ORTOMERCATO,8250 ,"24,50 "
36,via-rovello,20121,via rovello,ORTOMERCATO,9900 ,"31,39 "
37,via-moneta-a,20123,via moneta a,ORTOMERCATO,0,0
38,via-san-maurilio,20123,via san maurilio,ORTOMERCATO,8250 ,"24,50 "
39,via-santa-marta,20123,via santa marta,ORTOMERCATO,8250 ,"24,50 "
40,via-orefici,20123,via orefici,ORTOMERCATO,0,0
41,via-torino,20123,via torino,ORTOMERCATO,0,0
42,via-broletto,20121,via broletto,ORTOMERCATO,0,0
43,via-bernardino-luini,20123,via bernardino luini,ORTOMERCATO,0,0
44,piazza-dei-mercanti,20123,piazza dei mercanti,ORTOMERCATO,10367 ,"33,84 "
45,via-santa-maria-alla-porta-a,20123,via santa maria alla porta a,ORTOMERCATO,0,0
46,corso-magenta,20123,corso magenta,ORTOMERCATO,-,-
47,via-tommaso-grossi,20121,via tommaso grossi,ORTOMERCATO,10367 ,"33,84 "
48,piazza-mercanti,20123,piazza mercanti,ORTOMERCATO,0,0
49,via-cusani,20121,via cusani,ORTOMERCATO,0,0
50,via-cesare-cantù,20123,via cesare cantù,ORTOMERCATO,0,0
51,via-silvio-pellico,20121,via silvio pellico,ORTOMERCATO,10367 ,"33,84 "
52,via-brisa,20123,via brisa,ORTOMERCATO,0,0
53,piazza-degli-affari,20123,piazza degli affari,ORTOMERCATO,0,0
54,piazza-del-duomo,20121,piazza del duomo,ORTOMERCATO,10367 ,"33,84 "
55,piazza-mentana,20123,piazza mentana,ORTOMERCATO,0,0
56,piazza-castello,20121,piazza castello,ORTOMERCATO,8609 ,"25,51 "
57,via-nerino,20123,via nerino,ORTOMERCATO,0,0
58,piazza-borromeo,20123,piazza borromeo,ORTOMERCATO,0,0
59,via-giuseppe-mazzini,20123,via giuseppe mazzini,ORTOMERCATO,0,0
60,via-clerici,20121,via clerici,ORTOMERCATO,-,-
61,via-filodrammatici,20121,via filodrammatici,ORTOMERCATO,-,-
62,via-speronari,20123,via speronari,ORTOMERCATO,10367 ,"33,84 "
63,galleria-vittorio-emanuele-ii,20121,galleria vittorio emanuele ii,ORTOMERCATO,10367 ,"33,84 "
64,via-circo,20123,via circo,ORTOMERCATO,8250 ,"24,50 "
65,via-medici,20123,via medici,ORTOMERCATO,8250 ,"24,50 "
66,piazza-della-scala,20121,piazza della scala,ORTOMERCATO,-,-
67,via-dogana,20123,via dogana,ORTOMERCATO,10367 ,"33,84 "
68,via-giorgio-giulini,20123,via giorgio giulini,ORTOMERCATO,9309 ,"29,17 "
69,via-ponte-vetero,20121,via ponte vetero,ORTOMERCATO,0,0
70,via-giacomo-puccini,20121,via giacomo puccini,ORTOMERCATO,8250 ,"24,50 "
71,via-porlezza,20123,via porlezza,ORTOMERCATO,0,0
72,via-guglielmo-marconi,20122,via guglielmo marconi,ORTOMERCATO,0,0
73,via-valpetrosa,20123,via valpetrosa,ORTOMERCATO,8250 ,"24,50 "
74,piazza-duomo,20121,piazza duomo,ORTOMERCATO,0,0
75,piazza-san-fedele,20122,piazza san fedele,ORTOMERCATO,0,0
76,via-gallarate,20156,via gallarate,MAGGIORE - MUSOCCO,2344 ,"7,75 "
77,via-giorgio-stephenson,20157,via giorgio stephenson,MAGGIORE - MUSOCCO,0,0
78,viale-certosa,20156,viale certosa,MAGGIORE - MUSOCCO,2463 ,"8,25 "
79,via-privata-cefalù,20151,via privata cefalù,MAGGIORE - MUSOCCO,0,0
80,via-sapri,20156,via sapri,MAGGIORE - MUSOCCO,0,0
81,via-gadames,20151,via gadames,MAGGIORE - MUSOCCO,0,0
82,via-barnaba-oriani,20156,via barnaba oriani,MAGGIORE - MUSOCCO,2463 ,"8,25 "
83,via-gentile,20157,via gentile,MAGGIORE - MUSOCCO,0,0
84,via-quarenghi,20151,via quarenghi,MAGGIORE - MUSOCCO,0,0
85,via-padova,20127,via padova,PARCO LAMBRO - CIMIANO,0,0
86,via-benadir,20132,via benadir,PARCO LAMBRO - CIMIANO,0,0
87,via-meucci,20128,via meucci,PARCO LAMBRO - CIMIANO,0,0
88,via-feltre,20134,via feltre,PARCO LAMBRO - CIMIANO,0,0
89,via-palmanova,20132,via palmanova,PARCO LAMBRO - CIMIANO,2600 ,"8,08 "
90,via-feltre-b,20132,via feltre b,PARCO LAMBRO - CIMIANO,0,0
91,via-cesana,20132,via cesana,PARCO LAMBRO - CIMIANO,0,0
92,via-traù,20159,via traù,PARCO LAMBRO - CIMIANO,0,0
93,via-privata-meucci,20128,via privata meucci,PARCO LAMBRO - CIMIANO,0,0
94,via-olgettina,20132,via olgettina,PARCO LAMBRO - CIMIANO,0,0
95,via-oropa,20132,via oropa,PARCO LAMBRO - CIMIANO,0,0
96,via-mestre,20123,via mestre,PARCO LAMBRO - CIMIANO,0,0
97,via-monfalcone,20132,via monfalcone,PARCO LAMBRO - CIMIANO,0,0
98,via-elio-adriano,20128,via elio adriano,PARCO LAMBRO - CIMIANO,0,0
99,viale-alcide-de-gasperi,20151,viale alcide de gasperi,GALLARATESE,2715 ,"9,00 "
100,via-uruguay,20151,via uruguay,GALLARATESE,0,0
101,via-adolfo-omodeo,20151,via adolfo omodeo,GALLARATESE,2841 ,"9,38 "
102,via-giacomo-quarenghi,20151,via giacomo quarenghi,GALLARATESE,0,0
103,via-de-gasperi,20151,via de gasperi,GALLARATESE,0,0
104,via-torrazza,20151,via torrazza,GALLARATESE,2225 ,"7,25 "
105,via-antonio-gramsci,20019,via antonio gramsci,S SIRO,0,0
106,via-gramsci,20019,via gramsci,S SIRO,0,0
107,via-giuseppe-di-vittorio,20019,via giuseppe di vittorio,S SIRO,0,0
108,via-benedetto-varchi,20158,via benedetto varchi,GHISOLFA,0,0
109,via-imbriani,20158,via imbriani,GHISOLFA,0,0
110,via-scalvini,20158,via scalvini,GHISOLFA,0,0
111,via-enrico-annibale-butti,20159,via enrico annibale butti,GHISOLFA,0,0
112,piazzale-lugano,20158,piazzale lugano,GHISOLFA,3638 ,"10,00 "
113,viale-luigi-bodio,20158,viale luigi bodio,GHISOLFA,3088 ,"8,75 "
114,viale-edoardo-jenner,20158,viale edoardo jenner,GHISOLFA,2963 ,"8,32 "
115,viale-lancetti,21058,viale lancetti,GHISOLFA,0,0
116,via-privata-catone,20158,via privata catone,GHISOLFA,0,0
117,via-privata-angiolo-maffucci,20158,via privata angiolo maffucci,GHISOLFA,0,0
118,via-maloia,20158,via maloia,GHISOLFA,0,0
119,via-rosa-massara-de-capitani,20158,via rosa massara de capitani,GHISOLFA,0,0
120,via-delle-forze-armate,20152,via delle forze armate,BAGGIO,2257 ,"7,00 "
121,via-ceriani,20153,via ceriani,BAGGIO,0,0
122,via-bonaventura-broggini,20152,via bonaventura broggini,BAGGIO,0,0
123,via-forze-armate,20152,via forze armate,BAGGIO,0,0
124,via-cabella,20152,via cabella,BAGGIO,0,0
125,via-rismondo,20153,via rismondo,BAGGIO,0,0
126,via-francesco-rismondo,20152,via francesco rismondo,BAGGIO,0,0
127,via-noale,20152,via noale,BAGGIO,0,0
128,via-fratelli-zoia,20153,via fratelli zoia,QUARTO CAGNINO,2300 ,"8,25 "
129,via-benjamin-constant,20153,via benjamin constant,QUARTO CAGNINO,0,0
130,via-lorenteggio,20152,via lorenteggio,LORENTEGGIO,2300 ,"8,25 "
131,via-lodovico-il-moro,20142,via lodovico il moro,LORENTEGGIO,0,0
132,via-caboto,20094,via caboto,LORENTEGGIO,0,0
133,piazza-carabelli,20094,piazza carabelli,LORENTEGGIO,0,0
134,via-privata-mulino,20090,via privata mulino,LORENTEGGIO,0,0
135,via-giordani,20147,via giordani,LORENTEGGIO,2300 ,"8,25 "
136,via-del-cardellino,20147,via del cardellino,LORENTEGGIO,2300 ,"8,25 "
137,via-angelo-inganni,20147,via angelo inganni,LORENTEGGIO,0,0
138,via-molinetto-di-lorenteggio,20094,via molinetto di lorenteggio,LORENTEGGIO,0,0
139,via-molinetto,20147,via molinetto,LORENTEGGIO,0,0
140,via-anna-kuliscioff,20151,via anna kuliscioff,LORENTEGGIO,0,0
141,via-sebastiano-caboto,20094,via sebastiano caboto,LORENTEGGIO,0,0
142,via-tulipani,20146,via tulipani,GIAMBELLINO,0,0
143,alzaia-naviglio-grande,20144,alzaia naviglio grande,GIAMBELLINO,3505 ,"10,58 "
144,via-savona,20146,via savona,GIAMBELLINO,2700 ,"9,50 "
145,via-curio-dentato,20146,via curio dentato,GIAMBELLINO,2700 ,"9,50 "
146,via-giambellino,20146,via giambellino,GIAMBELLINO,0,0
147,piazza-enrico-berlinguer,20144,piazza enrico berlinguer,GIAMBELLINO,0,0
148,viale-giulio-richard,20143,viale giulio richard,GIAMBELLINO,0,0
149,via-degli-zuccaro,20146,via degli zuccaro,GIAMBELLINO,2700 ,"9,50 "
150,via-dei-biancospini,20146,via dei biancospini,GIAMBELLINO,2700 ,"9,50 "
151,via-leone-tolstoj,20146,via leone tolstoj,GIAMBELLINO,0,0
152,via-redaelli,20146,via redaelli,GIAMBELLINO,0,0
153,via-pietro-redaelli,20146,via pietro redaelli,GIAMBELLINO,2700 ,"9,50 "
154,largo-balestra,20146,largo balestra,GIAMBELLINO,0,0
155,piazza-pietro-frattini,20146,piazza pietro frattini,GIAMBELLINO,0,0
156,piazza-frattini,20146,piazza frattini,GIAMBELLINO,0,0
157,via-san-giuseppe-cottolengo,20143,via san giuseppe cottolengo,GIAMBELLINO,2563 ,"10,25 "
158,via-tolstoj,20146,via tolstoj,GIAMBELLINO,0,0
159,via-francesco-brioschi,20141,via francesco brioschi,GIAMBELLINO,2750 ,"9,25 "
160,via-tortona,20100,via tortona,S CRISTOFORO,0,0
161,via-pestalozzi,20143,via pestalozzi,S CRISTOFORO,0,0
162,via-carlo-troya,20144,via carlo troya,S CRISTOFORO,0,0
163,via-luigi-sala,20143,via luigi sala,S CRISTOFORO,0,0
164,via-solari,20144,via solari,S CRISTOFORO,0,0
165,via-ludovico-il-moro,20143,via ludovico il moro,S CRISTOFORO,0,0
166,piazza-napoli,20146,piazza napoli,S CRISTOFORO,3338 ,"10,13 "
167,ripa-di-porta-ticinese-b,20143,ripa di porta ticinese b,S CRISTOFORO,0,0
168,via-stendhal,20144,via stendhal,S CRISTOFORO,4682 ,"13,88 "
169,via-watt,20143,via watt,S CRISTOFORO,0,0
170,piazza-bolivar,20146,piazza bolivar,S CRISTOFORO,0,0
171,via-elia-lombardini,20143,via elia lombardini,S CRISTOFORO,3975 ,"10,75 "
172,via-morimondo,20143,via morimondo,S CRISTOFORO,0,0
173,via-anguissola,20144,via anguissola,S CRISTOFORO,0,0
174,via-eugenio-villoresi,20143,via eugenio villoresi,S CRISTOFORO,3975 ,"10,75 "
175,via-giacomo-watt,20143,via giacomo watt,S CRISTOFORO,0,0
176,via-delle-foppette,20144,via delle foppette,S CRISTOFORO,3975 ,"10,75 "
177,viale-misurata,20146,viale misurata,S CRISTOFORO,4021 ,"12,42 "
178,via-ambrogio-binda,20134,via ambrogio binda,S CRISTOFORO,0,0
179,via-andrea-solari,20144,via andrea solari,S CRISTOFORO,3975 ,"10,75 "
180,viale-carlo-troya,20144,viale carlo troya,S CRISTOFORO,3338 ,"10,13 "
181,via-washington,20146,via washington,S CRISTOFORO,0,0
182,viale-cassala,20143,viale cassala,S CRISTOFORO,3269 ,"10,50 "
183,via-degli-alpini,20090,via degli alpini,RONCHETTO SUL NAVIGLIO,0,0
184,via-carlo-baravalle,20142,via carlo baravalle,TIBALDI,0,0
185,via-meda,20143,via meda,TIBALDI,0,0
186,via-giuseppe-meda,20136,via giuseppe meda,TIBALDI,0,0
187,largo-mahler,20136,largo mahler,TIBALDI,0,0
188,via-conchetta,20136,via conchetta,TIBALDI,3875 ,"10,75 "
189,via-evangelista-torricelli,20136,via evangelista torricelli,TIBALDI,3313 ,"10,00 "
190,piazza-caduti-sul-lavoro,20141,piazza caduti sul lavoro,TIBALDI,0,0
191,via-bonghi,20141,via bonghi,TIBALDI,2750 ,"9,25 "
192,via-giovanni-pezzotti,20141,via giovanni pezzotti,TIBALDI,2750 ,"9,25 "
193,corso-san-gottardo,20136,corso san gottardo,TIBALDI,0,0
194,via-torricelli,20136,via torricelli,TIBALDI,0,0
195,via-ruggero-bonghi,20141,via ruggero bonghi,TIBALDI,0,0
196,viale-tibaldi,20136,viale tibaldi,TIBALDI,3313 ,"10,00 "
197,via-cardinale-ascanio-sforza,20141,via cardinale ascanio sforza,TIBALDI,0,0
198,via-tabacchi,20136,via tabacchi,TIBALDI,0,0
199,via-pietro-pomponazzi,20141,via pietro pomponazzi,TIBALDI,2750 ,"9,25 "
200,via-brioschi,20136,via brioschi,TIBALDI,0,0
201,via-cristina-belgioioso,20156,via cristina belgioioso,CASCINA TRIULZA - EXPO,0,0
202,expo-milano,20157,expo milano,CASCINA TRIULZA - EXPO,0,0
203,via-aquileia,20021,via aquileia,CASCINA TRIULZA - EXPO,0,0
204,via-carlo-amoretti,20157,via carlo amoretti,QUARTO OGGIARO,0,0
205,via-sabatini-lopez,20157,via sabatini lopez,QUARTO OGGIARO,0,0
206,via-bovisasca,20026,via bovisasca,QUARTO OGGIARO,0,0
207,via-trilussa,20157,via trilussa,QUARTO OGGIARO,0,0
208,via-privata-trilussa,20157,via privata trilussa,QUARTO OGGIARO,0,0
209,via-graf,20157,via graf,QUARTO OGGIARO,0,0
210,via-amoretti,20026,via amoretti,QUARTO OGGIARO,0,0
211,via-antonio-aldini,20157,via antonio aldini,QUARTO OGGIARO,2063 ,"6,50 "
212,via-carlo-perini,20157,via carlo perini,QUARTO OGGIARO,2063 ,"6,50 "
213,via-pellegrino-rossi,20161,via pellegrino rossi,AFFORI,0,0
214,viale-affori,20161,viale affori,AFFORI,2532 ,"7,38 "
215,via-cialdini,20161,via cialdini,AFFORI,0,0
216,via-astesani,20161,via astesani,AFFORI,0,0
217,via-franco-faccio,20161,via franco faccio,AFFORI,0,0
218,via-cevedale,20158,via cevedale,AFFORI,0,0
219,via-nicotera,20161,via nicotera,AFFORI,0,0
220,via-sbarbaro,20161,via sbarbaro,AFFORI,0,0
221,viale-enrico-fermi,20161,viale enrico fermi,AFFORI,0,0
222,via-iseo,20161,via iseo,AFFORI,0,0
223,via-luigi-bertelli,20127,via luigi bertelli,PADOVA,0,0
224,via-rovetta,20127,via rovetta,PADOVA,0,0
225,via-cavezzali,20127,via cavezzali,PADOVA,0,0
226,via-dei-valtorta,20127,via dei valtorta,PADOVA,0,0
227,via-asiago,20128,via asiago,PADOVA,0,0
228,via-privata-terenzio-mamiani,20127,via privata terenzio mamiani,PADOVA,0,0
229,via-policarpo-petrocchi,20127,via policarpo petrocchi,PADOVA,0,0
230,via-bono-cairoli,20127,via bono cairoli,PADOVA,0,0
231,via-ponte-nuovo,20128,via ponte nuovo,PADOVA,0,0
232,via-spadolini,20141,via spadolini,EX OM - MORIVIONE,0,0
233,via-corrado-il-salico,20141,via corrado il salico,EX OM - MORIVIONE,0,0
234,via-carlo-bazzi,20141,via carlo bazzi,EX OM - MORIVIONE,2750 ,"9,25 "
235,via-dei-fontanili,20123,via dei fontanili,EX OM - MORIVIONE,0,0
236,via-adriano,20128,via adriano,ADRIANO,0,0
237,via-san-mamete,20128,via san mamete,ADRIANO,2450 ,"7,75 "
238,via-privata-cascia,20128,via privata cascia,ADRIANO,0,0
239,via-rizzoli,20132,via rizzoli,ADRIANO,0,0
240,via-privata-vipiteno,20128,via privata vipiteno,ADRIANO,2450 ,"7,75 "
241,via-ceresio,20154,via ceresio,FARINI,4407 ,"13,25 "
242,via-paolo-sarpi,20154,via paolo sarpi,FARINI,0,0
243,via-carlo-farini,20154,via carlo farini,FARINI,0,0
244,piazzale-cimitero-monumentale,20154,piazzale cimitero monumentale,FARINI,4407 ,"13,25 "
245,via-quadrio,20154,via quadrio,FARINI,0,0
246,via-toqueville,20154,via toqueville,FARINI,0,0
247,via-pasubio,20154,via pasubio,FARINI,0,0
248,via-aristotile-fioravanti,20154,via aristotile fioravanti,FARINI,3638 ,"10,00 "
249,via-farini,20154,via farini,FARINI,0,0
250,viale-francesco-crispi,20121,viale francesco crispi,FARINI,0,0
251,viale-pasubio,20154,viale pasubio,FARINI,0,0
252,piazzale-baiamonti,20154,piazzale baiamonti,FARINI,0,0
253,via-pontida,20121,via pontida,FARINI,6375 ,"19,75 "
254,via-alessandro-volta,20121,via alessandro volta,FARINI,0,0
255,via-tazzoli,20154,via tazzoli,FARINI,0,0
256,corso-como,20154,corso como,FARINI,5175 ,"16,50 "
257,via-bastioni-di-porta-volta,20121,via bastioni di porta volta,FARINI,0,0
258,via-varese,20121,via varese,FARINI,0,0
259,corso-garibaldi,20121,corso garibaldi,FARINI,0,0
260,via-pietro-giannone,20154,via pietro giannone,FARINI,0,0
261,piazza-xxv-aprile,20154,piazza xxv aprile,FARINI,0,0
262,piazza--aprile,20124,piazza  aprile,FARINI,0,0
263,via-procaccini,20154,via procaccini,FARINI,0,0
264,via-vincenzo-capelli,20124,via vincenzo capelli,FARINI,0,0
265,via-carmagnola,20159,via carmagnola,FARINI,0,0
266,via-giordano-bruno,20154,via giordano bruno,FARINI,3638 ,"10,00 "
267,via-giovanni-battista-niccolini,20154,via giovanni battista niccolini,FARINI,3638 ,"10,00 "
268,via-messina,20154,via messina,FARINI,3638 ,"10,00 "
269,via-pastrengo,20159,via pastrengo,FARINI,0,0
270,fabbrica-del-vapore,20154,fabbrica del vapore,FARINI,0,0
271,via-arnoldo-di-cambio,20154,via arnoldo di cambio,FARINI,0,0
272,via-antonio-rosmini,20154,via antonio rosmini,FARINI,0,0
273,viale-umbria,20135,viale umbria,UMBRIA - MOLISE,3069 ,"9,00 "
274,via-decembrio,20137,via decembrio,UMBRIA - MOLISE,0,0
275,via-friuli,20135,via friuli,UMBRIA - MOLISE,0,0
276,via-maestri-campionesi,20135,via maestri campionesi,UMBRIA - MOLISE,0,0
277,piazzale-martini,20135,piazzale martini,UMBRIA - MOLISE,0,0
278,via-cuccagna,20135,via cuccagna,UMBRIA - MOLISE,0,0
279,via-tito-livio,20137,via tito livio,UMBRIA - MOLISE,0,0
280,via-ciceri-visconti,20137,via ciceri visconti,UMBRIA - MOLISE,0,0
281,via-pier-candido-decembrio,20137,via pier candido decembrio,UMBRIA - MOLISE,2975 ,"7,75 "
282,piazza-insubria,20137,piazza insubria,UMBRIA - MOLISE,0,0
283,via-lodovico-muratori,20135,via lodovico muratori,UMBRIA - MOLISE,0,0
284,via-tertulliano,20137,via tertulliano,UMBRIA - MOLISE,0,0
285,via-cadolini,20137,via cadolini,UMBRIA - MOLISE,0,0
286,piazza-imperatore-tito,20137,piazza imperatore tito,UMBRIA - MOLISE,2975 ,"7,75 "
287,piazzale-ferdinando-martini,20137,piazzale ferdinando martini,UMBRIA - MOLISE,0,0
288,via-costanza-arconati,20135,via costanza arconati,UMBRIA - MOLISE,0,0
289,via-angelo-moro,20097,via angelo moro,TRIULZO SUPERIORE,0,0
290,via-marignano,20138,via marignano,TRIULZO SUPERIORE,2438 ,"7,50 "
291,via-caviaga,20097,via caviaga,TRIULZO SUPERIORE,0,0
292,strada-paullese,20100,strada paullese,TRIULZO SUPERIORE,0,0
293,via-nettunense,00072,via nettunense,TRIULZO SUPERIORE,0,0
294,viale-campania,20133,viale campania,CORSICA,3163 ,"10,25 "
295,via-marcona,20129,via marcona,CORSICA,0,0
296,via-giuseppe-compagnoni,20139,via giuseppe compagnoni,CORSICA,0,0
297,via-battistotti-sassi,20133,via battistotti sassi,CORSICA,0,0
298,corso--marzo,20129,corso  marzo,CORSICA,0,0
299,viale-romagna,20133,viale romagna,CORSICA,3163 ,"10,25 "
300,viale-corsica,20137,viale corsica,CORSICA,3163 ,"10,25 "
301,via-lomellina,20133,via lomellina,CORSICA,0,0
302,piazza-fusina,20133,piazza fusina,CORSICA,0,0
303,via-giovanni-battista-piranesi,20137,via giovanni battista piranesi,CORSICA,3163 ,"10,25 "
304,via-pellizzone,20133,via pellizzone,CORSICA,-,-
305,via-gian-carlo-sismondi,20133,via gian carlo sismondi,CORSICA,0,0
306,via-reina,20133,via reina,CORSICA,0,0
307,viale-argonne,20133,viale argonne,CORSICA,0,0
308,via-luisa-battistotti-sassi,20100,via luisa battistotti sassi,CORSICA,0,0
309,via-zanella,20133,via zanella,CORSICA,0,0
310,piazzale-susa,20133,piazzale susa,CORSICA,0,0
311,piazza-francesco-guardi,20133,piazza francesco guardi,CORSICA,0,0
312,via-negroli,20133,via negroli,CORSICA,0,0
313,via-grasselli,20137,via grasselli,CORSICA,0,0
314,via-giovanni-celoria,20133,via giovanni celoria,CITTA' STUDI,0,0
315,piazza-leonardo-da-vinci,20133,piazza leonardo da vinci,CITTA' STUDI,0,0
316,via-denti,20134,via denti,CITTA' STUDI,0,0
317,viale-gran-sasso,20131,viale gran sasso,CITTA' STUDI,4169 ,"13,38 "
318,via-bronzino,20133,via bronzino,CITTA' STUDI,0,0
319,via-pascoli,20133,via pascoli,CITTA' STUDI,0,0
320,via-pacini,20131,via pacini,CITTA' STUDI,0,0
321,via-camillo-golgi,20133,via camillo golgi,CITTA' STUDI,0,0
322,via-ampère,20131,via ampère,CITTA' STUDI,0,0
323,via-ampere,20161,via ampere,CITTA' STUDI,0,0
324,via-moretto-da-brescia,20133,via moretto da brescia,CITTA' STUDI,0,0
325,via-teodosio,20131,via teodosio,CITTA' STUDI,0,0
326,via-donatello,20131,via donatello,CITTA' STUDI,0,0
327,via-plinio,20129,via plinio,CITTA' STUDI,0,0
328,via-antonio-bazzini,20131,via antonio bazzini,CITTA' STUDI,0,0
329,piazza-domenico-aspari,20129,piazza domenico aspari,CITTA' STUDI,0,0
330,via-giovanni-paisiello,20131,via giovanni paisiello,CITTA' STUDI,0,0
331,viale-abruzzi,Italy,viale abruzzi,CITTA' STUDI,0,0
332,via-enrico-nöe,20133,via enrico nöe,CITTA' STUDI,0,0
333,via-maiocchi,20129,via maiocchi,CITTA' STUDI,0,0
334,via-francesco-lomonaco,20131,via francesco lomonaco,CITTA' STUDI,0,0
335,via-alfonso-corti,20133,via alfonso corti,CITTA' STUDI,0,0
336,via-giovanni-pacini,20134,via giovanni pacini,CITTA' STUDI,0,0
337,via-andrea-maria-ampère,20131,via andrea maria ampère,CITTA' STUDI,0,0
338,via-antonio-vallisneri,20133,via antonio vallisneri,CITTA' STUDI,0,0
339,via-carlo-forlanini,20133,via carlo forlanini,CITTA' STUDI,0,0
340,via-gaetano-strambio,20133,via gaetano strambio,CITTA' STUDI,0,0
341,via-edoardo-bassini,20133,via edoardo bassini,CITTA' STUDI,0,0
342,via-filippo-juvara,20129,via filippo juvara,CITTA' STUDI,0,0
343,via-vallazze,20100,via vallazze,CITTA' STUDI,0,0
344,via-grossich,20100,via grossich,CITTA' STUDI,0,0
345,via-aselli,20133,via aselli,CITTA' STUDI,0,0
346,via-carlo-valvassori-peroni,20133,via carlo valvassori peroni,CITTA' STUDI,0,0
347,via-bazzini,20131,via bazzini,CITTA' STUDI,0,0
348,via-vigilio-inama,20133,via vigilio inama,CITTA' STUDI,0,0
349,via-giuseppe-ponzio,20133,via giuseppe ponzio,CITTA' STUDI,0,0
350,via-sangallo,20133,via sangallo,CITTA' STUDI,0,0
351,via-ponzio,20143,via ponzio,CITTA' STUDI,0,0
352,piazza-ferravilla,20129,piazza ferravilla,CITTA' STUDI,0,0
353,via-rembrandt,20148,via rembrandt,SELINUNTE,2700 ,"9,50 "
354,via-carlo-dolci,20148,via carlo dolci,SELINUNTE,0,0
355,via-paolo-rembrandt,20148,via paolo rembrandt,SELINUNTE,0,0
356,via-matteo-civitali,20148,via matteo civitali,SELINUNTE,0,0
357,via-morgantini,20148,via morgantini,SELINUNTE,0,0
358,via-daniele-ricciarelli,20148,via daniele ricciarelli,SELINUNTE,0,0
359,via-vodice,20148,via vodice,SELINUNTE,0,0
360,piazzale-segesta,20148,piazzale segesta,SELINUNTE,0,0
361,via-capecelatro,20144,via capecelatro,SELINUNTE,0,0
362,via-paravia,20148,via paravia,SELINUNTE,0,0
363,piazza-monte-falterona,20148,piazza monte falterona,SELINUNTE,2700 ,"9,50 "
364,via-aretusa,20148,via aretusa,SELINUNTE,0,0
365,viale-murillo,20149,viale murillo,SELINUNTE,4044 ,"13,26 "
366,via-gaudenzio-fantoli,20138,via gaudenzio fantoli,PARCO MONLUE' - PONTE LAMBRO,2438 ,"7,50 "
367,via-monluè,20138,via monluè,PARCO MONLUE' - PONTE LAMBRO,0,0
368,via-mecenate,20138,via mecenate,PARCO MONLUE' - PONTE LAMBRO,0,0
369,via-trani,20138,via trani,PARCO MONLUE' - PONTE LAMBRO,2438 ,"7,50 "
370,via-gianfranco-malipiero,20138,via gianfranco malipiero,PARCO MONLUE' - PONTE LAMBRO,2438 ,"7,50 "
371,via-hermada,20162,via hermada,NIGUARDA - CA' GRANDA,0,0
372,via-val-maira,20162,via val maira,NIGUARDA - CA' GRANDA,0,0
373,via-terruggia,20162,via terruggia,NIGUARDA - CA' GRANDA,0,0
374,via-luigi-ornato,20162,via luigi ornato,NIGUARDA - CA' GRANDA,2550 ,"8,00 "
375,via-monzambano,20159,via monzambano,NIGUARDA - CA' GRANDA,2625 ,"8,25 "
376,via-carlo-imbonati,20159,via carlo imbonati,NIGUARDA - CA' GRANDA,0,0
377,via-paulucci-di-calbioli-fulcieri,20162,via paulucci di calbioli fulcieri,NIGUARDA - CA' GRANDA,0,0
378,via-val-di-ledro,20162,via val di ledro,NIGUARDA - CA' GRANDA,2550 ,"8,00 "
379,via-cesare-brivio,20158,via cesare brivio,NIGUARDA - CA' GRANDA,0,0
380,via-giuditta-pasta,20161,via giuditta pasta,NIGUARDA - CA' GRANDA,0,0
381,via-paolo-veronesi,10148,via paolo veronesi,NIGUARDA - CA' GRANDA,0,0
382,piazza-nizza,20159,piazza nizza,NIGUARDA - CA' GRANDA,0,0
383,via-montegani,20141,via montegani,STADERA,0,0
384,via-della-chiesa-rossa,20142,via della chiesa rossa,STADERA,2446 ,"7,92 "
385,via-neera,20141,via neera,STADERA,0,0
386,via-ascanio-sforza,20141,via ascanio sforza,STADERA,2750 ,"9,25 "
387,piazza-agrippa,20141,piazza agrippa,STADERA,2588 ,"7,00 "
388,via-francesco-de-sanctis,20141,via francesco de sanctis,STADERA,0,0
389,via-volvinio,20141,via volvinio,STADERA,2588 ,"7,00 "
390,via-lampedusa,20141,via lampedusa,STADERA,2642 ,"7,75 "
391,via-medeghino,20141,via medeghino,STADERA,2588 ,"7,00 "
392,via-lodovico-montegani,20141,via lodovico montegani,STADERA,0,0
393,via-innocenzo-isimbardi,20141,via innocenzo isimbardi,STADERA,0,0
394,via-boifava,20141,via boifava,STADERA,0,0
395,piazza-abbiategrasso,20141,piazza abbiategrasso,STADERA,0,0
396,viale-giovanni-da-cermenate,20141,viale giovanni da cermenate,STADERA,2669 ,"8,13 "
397,via-dei-missaglia,20142,via dei missaglia,STADERA,2588 ,"7,00 "
398,via-donna-prassede,20142,via donna prassede,STADERA,0,0
399,corso-di-porta-vittoria,20122,corso di porta vittoria,GUASTALLA,0,0
400,via-della-guastalla,20122,via della guastalla,GUASTALLA,0,0
401,largo-augusto,20122,largo augusto,GUASTALLA,0,0
402,via-della-guastalla-n,20122,via della guastalla n,GUASTALLA,0,0
403,verziere,20122,verziere,GUASTALLA,0,0
404,via-felice-cavallotti,20122,via felice cavallotti,GUASTALLA,-,-
405,via-durini,20122,via durini,GUASTALLA,0,0
406,via-verziere,20122,via verziere,GUASTALLA,0,0
407,via-della-commenda,20122,via della commenda,GUASTALLA,7167 ,"21,34 "
408,via-conservatorio-a,20122,via conservatorio a,GUASTALLA,0,0
409,via-besana,20122,via besana,GUASTALLA,0,0
410,piazza-fontana,20122,piazza fontana,GUASTALLA,0,0
411,via-san-clemente,20122,via san clemente,GUASTALLA,0,0
412,piazza-del-liberty,20121,piazza del liberty,GUASTALLA,0,0
413,via-conservatorio,20122,via conservatorio,GUASTALLA,0,0
414,via-larga,20122,via larga,GUASTALLA,0,0
415,via-borgogna,20122,via borgogna,GUASTALLA,0,0
416,corso-vittorio-emanuele-ii,20122,corso vittorio emanuele ii,GUASTALLA,10367 ,"33,84 "
417,via-santa-tecla,20122,via santa tecla,GUASTALLA,0,0
418,largo-della-crocetta,20123,largo della crocetta,GUASTALLA,0,0
419,galleria-del-corso,20122,galleria del corso,GUASTALLA,10367 ,"33,84 "
420,via-pompeo-litta,20122,via pompeo litta,GUASTALLA,0,0
421,corso-monforte,20122,corso monforte,GUASTALLA,0,0
422,galleria-passarella,20122,galleria passarella,GUASTALLA,-,-
423,corso-di-porta-romana,20122,corso di porta romana,GUASTALLA,0,0
424,piazzetta-pattari,20122,piazzetta pattari,GUASTALLA,0,0
425,via-cesare-beccaria,20122,via cesare beccaria,GUASTALLA,10367 ,"33,84 "
426,via-pantano,20122,via pantano,GUASTALLA,0,0
427,corso-vittorio-emanuele,20122,corso vittorio emanuele,GUASTALLA,0,0
428,piazza-san-babila,20121,piazza san babila,GUASTALLA,0,0
429,via-montenapoleone,20121,via montenapoleone,GUASTALLA,0,0
430,corso-europa,20122,corso europa,GUASTALLA,0,0
431,via-palazzo-reale,20122,via palazzo reale,GUASTALLA,8784 ,"27,42 "
432,corso-montforte,20122,corso montforte,GUASTALLA,0,0
433,piazza-santo-stefano,20122,piazza santo stefano,GUASTALLA,8784 ,"27,42 "
434,via-santa-radegonda,20121,via santa radegonda,GUASTALLA,10367 ,"33,84 "
435,via-orti,20122,via orti,GUASTALLA,0,0
436,via-santa-sofia,20122,via santa sofia,GUASTALLA,5425 ,"18,75 "
437,piazza-armando-diaz,20123,piazza armando diaz,GUASTALLA,0,0
438,via-san-pietro-all’orto,20121,via san pietro all’orto,GUASTALLA,0,0
439,corso-venezia,20121,corso venezia,GUASTALLA,0,0
440,viale-monte-nero,20135,viale monte nero,GUASTALLA,0,0
441,galleria-pattari,20122,galleria pattari,GUASTALLA,0,0
442,viale-bianca-maria,20129,viale bianca maria,GUASTALLA,7167 ,"21,34 "
443,via-flavio-baracchini,20123,via flavio baracchini,GUASTALLA,0,0
444,piazza-velasca,20122,piazza velasca,GUASTALLA,0,0
445,largo-corsia-dei-servi,20122,largo corsia dei servi,GUASTALLA,-,-
446,via-privata-fratelli-gabba,20100,via privata fratelli gabba,BRERA,0,0
447,via-madonnina,ITA,via madonnina,BRERA,0,0
448,via-brera,20121,via brera,BRERA,8103 ,"24,25 "
449,via-privata-fratelli-gabba-b,20121,via privata fratelli gabba b,BRERA,0,0
450,via-san-marco,20121,via san marco,BRERA,6375 ,"19,75 "
451,via-fiori-chiari,20121,via fiori chiari,BRERA,8967 ,"26,50 "
452,via-andegari,20121,via andegari,BRERA,8967 ,"26,50 "
453,corso-di-porta-nuova,20121,corso di porta nuova,BRERA,0,0
454,via-ancona,20121,via ancona,BRERA,0,0
455,via-mercato,20122,via mercato,BRERA,0,0
456,via-san-carpoforo,20121,via san carpoforo,BRERA,8967 ,"26,50 "
457,via-tivoli,20121,via tivoli,BRERA,0,0
458,via-del-carmine,20121,via del carmine,BRERA,8967 ,"26,50 "
459,via-pontaccio,20121,via pontaccio,BRERA,0,0
460,via-rivoli,20121,via rivoli,BRERA,6375 ,"19,75 "
461,via-manzoni,20121,via manzoni,BRERA,0,0
462,via-alessandro-manzoni,20121,via alessandro manzoni,BRERA,0,0
463,largo-antonio-greppi,20121,largo antonio greppi,BRERA,0,0
464,corso-giuseppe-garibaldi,20121,corso giuseppe garibaldi,BRERA,7239 ,"22,00 "
465,via-monte-napoleone,20121,via monte napoleone,BRERA,0,0
466,via-croce-rossa,20121,via croce rossa,BRERA,-,-
467,via-montebello,20121,via montebello,BRERA,0,0
468,via-delio-tessa,20121,via delio tessa,BRERA,0,0
469,via-marco-formentini,20121,via marco formentini,BRERA,0,0
470,via-borgospesso,20121,via borgospesso,BRERA,-,-
471,piazza-san-simpliciano,20121,piazza san simpliciano,BRERA,6375 ,"19,75 "
472,via-ciovasso,20121,via ciovasso,BRERA,8967 ,"26,50 "
473,piazza-del-carmine,20121,piazza del carmine,BRERA,0,0
474,via-gastone-pisoni,20121,via gastone pisoni,BRERA,0,0
475,via-santo-spirito,20121,via santo spirito,BRERA,-,-
476,via-solferino,20121,via solferino,BRERA,6375 ,"19,75 "
477,via-fatebenefratelli,20121,via fatebenefratelli,BRERA,0,0
478,via-san-raffaele,20121,via san raffaele,DUOMO,10367 ,"33,84 "
479,via-ulrico-hoepli,20121,via ulrico hoepli,DUOMO,0,0
480,via-ugo-foscolo,20121,via ugo foscolo,DUOMO,10367 ,"33,84 "
481,via-degli-omenoni,20121,via degli omenoni,DUOMO,0,0
482,via-agnello,20121,via agnello,DUOMO,10367 ,"33,84 "
483,piazza-filippo-meda,20121,piazza filippo meda,DUOMO,0,0
484,via-bagutta,20121,via bagutta,DUOMO,0,0
485,via-verri,20121,via verri,DUOMO,0,0
486,via-berchet,20121,via berchet,DUOMO,0,0
487,corso-giacomo-matteotti,20121,corso giacomo matteotti,DUOMO,0,0
488,galleria-vittorio-emanuele,20123,galleria vittorio emanuele,DUOMO,0,0
489,via-gargano,20135,via gargano,SCALO ROMANA,0,0
490,via-bessarione,20139,via bessarione,SCALO ROMANA,0,0
491,via-gian-francesco-pizzi,20141,via gian francesco pizzi,SCALO ROMANA,0,0
492,largo-isaco,20139,largo isaco,SCALO ROMANA,0,0
493,largo-isarco,20135,largo isarco,SCALO ROMANA,0,0
494,via-benaco,20100,via benaco,SCALO ROMANA,0,0
495,via-don-bosco,20139,via don bosco,SCALO ROMANA,0,0
496,viale-ortles,20139,viale ortles,SCALO ROMANA,0,0
497,via-lorenzini,20139,via lorenzini,SCALO ROMANA,0,0
498,via-ripamonti,20141,via ripamonti,SCALO ROMANA,-,-
499,via-tagliamento,20139,via tagliamento,SCALO ROMANA,0,0
500,via-ampola,20141,via ampola,SCALO ROMANA,0,0
501,via-bernardo-quaranta,20141,via bernardo quaranta,SCALO ROMANA,2750 ,"9,25 "
502,via-scalarini,20139,via scalarini,SCALO ROMANA,0,0
503,via-gallura,20141,via gallura,SCALO ROMANA,0,0
504,via-mincio,20139,via mincio,SCALO ROMANA,0,0
505,via-brembo,20139,via brembo,SCALO ROMANA,2750 ,"9,25 "
506,piazza-bonomelli,20139,piazza bonomelli,SCALO ROMANA,0,0
507,corso-lodi,20135,corso lodi,SCALO ROMANA,3200 ,"9,25 "
508,via-giuseppe-ripamonti,20141,via giuseppe ripamonti,SCALO ROMANA,2669 ,"8,13 "
509,via-oglio,20139,via oglio,SCALO ROMANA,2750 ,"9,25 "
510,piazza-angilberto-ii,20153,piazza angilberto ii,SCALO ROMANA,0,0
511,via-san-vittore,20123,via san vittore,MAGENTA - S VITTORE,5325 ,"14,75 "
512,via-aristide-de-togni,20123,via aristide de togni,MAGENTA - S VITTORE,5325 ,"14,75 "
513,via-matteo-bandello--,20123,via matteo bandello -,MAGENTA - S VITTORE,0,0
514,piazza-santa-maria-delle-grazie,20123,piazza santa maria delle grazie,MAGENTA - S VITTORE,0,0
515,via-gian-battista-vico,20123,via gian battista vico,MAGENTA - S VITTORE,0,0
516,via-boccaccio,20123,via boccaccio,MAGENTA - S VITTORE,0,0
517,via-giosuè-carducci,20123,via giosuè carducci,MAGENTA - S VITTORE,0,0
518,viale-coni-zugna,20144,viale coni zugna,MAGENTA - S VITTORE,4650 ,"12,75 "
519,via-giovanni-boccaccio,20123,via giovanni boccaccio,MAGENTA - S VITTORE,-,-
520,via-lipari,20142,via lipari,MAGENTA - S VITTORE,0,0
521,via-novati,20123,via novati,MAGENTA - S VITTORE,0,0
522,viale-papiniano,20123,viale papiniano,MAGENTA - S VITTORE,5325 ,"14,75 "
523,via-de-amicis,20123,via de amicis,MAGENTA - S VITTORE,0,0
524,via-cesare-da-sesto,20123,via cesare da sesto,MAGENTA - S VITTORE,0,0
525,via-bartolomeo-panizza,20144,via bartolomeo panizza,MAGENTA - S VITTORE,5388 ,"17,00 "
526,via-matteo-bandello,20123,via matteo bandello,MAGENTA - S VITTORE,5325 ,"14,75 "
527,via-terraggio,20100,via terraggio,MAGENTA - S VITTORE,0,0
528,via-san-vincenzo,20123,via san vincenzo,MAGENTA - S VITTORE,0,0
529,via-giacomo-leopardi,20123,via giacomo leopardi,MAGENTA - S VITTORE,-,-
530,via-leopardi,20123,via leopardi,MAGENTA - S VITTORE,0,0
531,piazza-baracca,20123,piazza baracca,MAGENTA - S VITTORE,0,0
532,via-vincenzo-monti,20123,via vincenzo monti,MAGENTA - S VITTORE,-,-
533,piazza-giovine-italia,20123,piazza giovine italia,MAGENTA - S VITTORE,-,-
534,piazza-virgilio,20123,piazza virgilio,MAGENTA - S VITTORE,0,0
535,piazzale-aquileia,20144,piazzale aquileia,MAGENTA - S VITTORE,0,0
536,via-alberto-da-giussano-a,20145,via alberto da giussano a,MAGENTA - S VITTORE,0,0
537,via-arcangelo-ghisleri,20144,via arcangelo ghisleri,MAGENTA - S VITTORE,0,0
538,via-ariberto,20123,via ariberto,MAGENTA - S VITTORE,0,0
539,via-carlo-cicogna-mozzoni,20161,via carlo cicogna mozzoni,BOVISASCA,2532 ,"7,38 "
540,viale-zara,20159,viale zara,BOVISASCA,3644 ,"10,75 "
541,via-casina-dei-prati,20157,via casina dei prati,BOVISASCA,0,0
542,via-giulio-verne,20137,via giulio verne,LODI - CORVETTO,0,0
543,via-barabino,20100,via barabino,LODI - CORVETTO,0,0
544,via-carlo-marochetti,20139,via carlo marochetti,LODI - CORVETTO,2669 ,"8,13 "
545,upim,20139,upim,LODI - CORVETTO,0,0
546,via-toffetti,20139,via toffetti,LODI - CORVETTO,0,0
547,via-vincenzo-toffetti,20139,via vincenzo toffetti,LODI - CORVETTO,0,0
548,viale-brenta,20139,viale brenta,LODI - CORVETTO,0,0
549,via-lucania,20126,via lucania,LODI - CORVETTO,0,0
550,viale-enrico-martini,20139,viale enrico martini,LODI - CORVETTO,0,0
551,via-fabio-massimo,20139,via fabio massimo,LODI - CORVETTO,0,0
552,via-tullo-massarani,20139,via tullo massarani,LODI - CORVETTO,0,0
553,via-polesine,20139,via polesine,LODI - CORVETTO,2669 ,"8,13 "
554,viale-lucania,20139,viale lucania,LODI - CORVETTO,2669 ,"8,13 "
555,piazzale-corvetto,20139,piazzale corvetto,LODI - CORVETTO,0,0
556,via-bonfadini,20138,via bonfadini,LODI - CORVETTO,0,0
557,via-pietro-gaggia,20139,via pietro gaggia,LODI - CORVETTO,2588 ,"7,00 "
558,piazzale-bologna,20139,piazzale bologna,LODI - CORVETTO,2588 ,"7,00 "
559,via-giovanni-cadolini,20137,via giovanni cadolini,LODI - CORVETTO,0,0
560,viale-puglie,20137,viale puglie,LODI - CORVETTO,2975 ,"7,75 "
561,upim-pop-corvetto,20139,upim pop corvetto,LODI - CORVETTO,0,0
562,piazzale-vincenzo-cuoco,20137,piazzale vincenzo cuoco,LODI - CORVETTO,2707 ,"7,63 "
563,piazza-mistral,20139,piazza mistral,LODI - CORVETTO,0,0
564,via-privata-giovanni-ventura,20134,via privata giovanni ventura,LAMBRATE,0,0
565,piazza-vigili-del-fuoco,20134,piazza vigili del fuoco,LAMBRATE,2375 ,"6,50 "
566,via-carlo-bertolazzi,20134,via carlo bertolazzi,LAMBRATE,0,0
567,via-riccardo-pitteri,20134,via riccardo pitteri,LAMBRATE,0,0
568,via-maria-grazia-cutuli,20134,via maria grazia cutuli,LAMBRATE,0,0
569,via-rombon,20134,via rombon,LAMBRATE,2526 ,"7,38 "
570,via-pitteri,20134,via pitteri,LAMBRATE,0,0
571,via-lambretta,20090,via lambretta,LAMBRATE,0,0
572,via-canelli,20134,via canelli,LAMBRATE,0,0
573,via-privata-gaetano-sbodio,20134,via privata gaetano sbodio,LAMBRATE,0,0
574,via-saccardo,20134,via saccardo,LAMBRATE,0,0
575,via-sbodio,20133,via sbodio,LAMBRATE,0,0
576,viale-delle-rimembranze-di-lambrate,20134,viale delle rimembranze di lambrate,LAMBRATE,0,0
577,via-conte-rosso,20134,via conte rosso,LAMBRATE,0,0
578,via-lago-di-nemi,20142,via lago di nemi,BARONA,0,0
579,via-barona,20142,via barona,BARONA,0,0
580,via-de-nicola,20142,via de nicola,BARONA,0,0
581,via-ovada,20142,via ovada,BARONA,0,0
582,piazza-guglielmo-miani,20143,piazza guglielmo miani,BARONA,2563 ,"10,25 "
583,via-bari,20139,via bari,BARONA,0,0
584,via-santa-rita-da-cascia,20143,via santa rita da cascia,BARONA,2563 ,"10,25 "
585,via-acerbi,20161,via acerbi,BRUZZANO,0,0
586,piazza-giustino-fortunato,20161,piazza giustino fortunato,BRUZZANO,0,0
587,via-casarsa,20161,via casarsa,BRUZZANO,0,0
588,via-ratti,20151,via ratti,TRENNO,0,0
589,via-luigi-ratti,20151,via luigi ratti,TRENNO,2225 ,"7,25 "
590,piazza-rosa-scolari,20151,piazza rosa scolari,TRENNO,2225 ,"7,25 "
591,piazzale-di-porta-lodovica,20136,piazzale di porta lodovica,GRATOSOGLIO - TICINELLO,0,0
592,via-selvanesco,20142,via selvanesco,GRATOSOGLIO - TICINELLO,0,0
593,alzaia-naviglio-pavese,20142,alzaia naviglio pavese,GRATOSOGLIO - TICINELLO,2563 ,"10,25 "
594,viale-dei-missaglia,20142,viale dei missaglia,GRATOSOGLIO - TICINELLO,2509 ,"7,59 "
595,via-lucio-cornelio-silla,20153,via lucio cornelio silla,FIGINO,0,0
596,via-gaetano-airaghi,20153,via gaetano airaghi,QUINTO ROMANO,0,0
597,via-cusago,20153,via cusago,PARCO AGRICOLO SUD,2257 ,"7,00 "
598,via-per-cusago,20153,via per cusago,PARCO AGRICOLO SUD,0,0
599,via-riccardo-lombardi,20153,via riccardo lombardi,PARCO AGRICOLO SUD,2257 ,"7,00 "
600,via-varesina,20156,via varesina,VILLAPIZZONE,0,0
601,via-villapizzone,20156,via villapizzone,VILLAPIZZONE,0,0
602,viale-carlo-espinasse,20156,viale carlo espinasse,VILLAPIZZONE,0,0
603,via-jacopino-da-tradate,20156,via jacopino da tradate,VILLAPIZZONE,0,0
604,piazzale-accursio,20151,piazzale accursio,VILLAPIZZONE,0,0
605,via-francesco-de-lemene,20156,via francesco de lemene,VILLAPIZZONE,0,0
606,via-grosotto,20149,via grosotto,VILLAPIZZONE,0,0
607,via-pier-francesco-mola,20156,via pier francesco mola,VILLAPIZZONE,2463 ,"8,25 "
608,via-ludovico-di-breme,20156,via ludovico di breme,VILLAPIZZONE,2463 ,"8,25 "
609,via-bernardino-galliari,20156,via bernardino galliari,VILLAPIZZONE,0,0
610,via-giovanni-da-udine,20156,via giovanni da udine,VILLAPIZZONE,0,0
611,via-mac-mahon,20155,via mac mahon,VILLAPIZZONE,0,0
612,viale-espinasse,20156,viale espinasse,VILLAPIZZONE,0,0
613,viale-carlo-espinasse--,20156,viale carlo espinasse -,VILLAPIZZONE,0,0
614,via-masolino-da-panicale,20155,via masolino da panicale,VILLAPIZZONE,0,0
615,via-privata-della-bindellina,20155,via privata della bindellina,VILLAPIZZONE,0,0
616,via-pacinotti,20155,via pacinotti,VILLAPIZZONE,0,0
617,via-monte-ceneri,20155,via monte ceneri,VILLAPIZZONE,0,0
618,via-gianbattista-bodoni,20155,via gianbattista bodoni,VILLAPIZZONE,0,0
619,via-console-marcello,20155,via console marcello,VILLAPIZZONE,0,0
620,via-sonnino,20155,via sonnino,VILLAPIZZONE,0,0
621,via-traiano,20149,via traiano,VILLAPIZZONE,0,0
622,via-perin-del-vaga,20156,via perin del vaga,VILLAPIZZONE,2463 ,"8,25 "
623,via-giuseppe-candiani,20158,via giuseppe candiani,BOVISA,0,0
624,via-don-giuseppe-andreoli,20158,via don giuseppe andreoli,BOVISA,0,0
625,via-baldinucci,20158,via baldinucci,BOVISA,0,0
626,piazza-bausan,20158,piazza bausan,BOVISA,0,0
627,via-giovanni-battista-varè,20158,via giovanni battista varè,BOVISA,0,0
628,via-varè,20158,via varè,BOVISA,0,0
629,via-don-giovanni-andreoli,20158,via don giovanni andreoli,BOVISA,0,0
630,piazza-alfieri,20158,piazza alfieri,BOVISA,0,0
631,via-lambruschini,20156,via lambruschini,BOVISA,0,0
632,via-durando,20158,via durando,BOVISA,0,0
633,stazione-milano-bovisa,20158,stazione milano bovisa,BOVISA,0,0
634,via-verità,20158,via verità,BOVISA,0,0
635,via-dei-frassini,20156,via dei frassini,BOVISA,0,0
636,via-ciaia,20158,via ciaia,DERGANO,0,0
637,piazza-dergano,20158,piazza dergano,DERGANO,0,0
638,via-bernardo-davanzati,20158,via bernardo davanzati,DERGANO,0,0
639,via-legnone,20158,via legnone,DERGANO,0,0
640,via-livigno,20100,via livigno,DERGANO,0,0
641,viale-sarca,20126,viale sarca,BICOCCA,0,0
642,via-chiese,20126,via chiese,BICOCCA,0,0
643,viale-suzzani,20162,viale suzzani,BICOCCA,0,0
644,piazzetta-difesa-delle-donne,20126,piazzetta difesa delle donne,BICOCCA,0,0
645,viale-fulvio-testi,20126,viale fulvio testi,BICOCCA,2550 ,"8,00 "
646,via-ansaldo,20126,via ansaldo,BICOCCA,0,0
647,via-piero-e-alberto-pirelli,20126,via piero e alberto pirelli,BICOCCA,0,0
648,viale-piero-e-alberto-pirelli,20126,viale piero e alberto pirelli,BICOCCA,0,0
649,via-san-glicerio,20162,via san glicerio,BICOCCA,0,0
650,via-beccali,20162,via beccali,BICOCCA,0,0
651,via-san-miniato,20162,via san miniato,BICOCCA,0,0
652,piazza-dei-daini,20126,piazza dei daini,BICOCCA,0,0
653,via-masaccio,20149,via masaccio,PORTELLO,5388 ,"17,00 "
654,piazza-tre-torri,20145,piazza tre torri,PORTELLO,0,0
655,via-sebastiano-del-piombo,20149,via sebastiano del piombo,PORTELLO,0,0
656,via-francesco-albani,20148,via francesco albani,PORTELLO,4423 ,"14,25 "
657,via-monte-amiata,20149,via monte amiata,PORTELLO,0,0
658,viale-paolo-onorato-vigliani,20148,viale paolo onorato vigliani,PORTELLO,0,0
659,via-giovanni-gattamelata,20149,via giovanni gattamelata,PORTELLO,0,0
660,piazzale-lorenzo-lotto,20148,piazzale lorenzo lotto,PORTELLO,3457 ,"11,50 "
661,via-guglielmo-silva,20149,via guglielmo silva,PORTELLO,0,0
662,via-madruzzo,20149,via madruzzo,PORTELLO,0,0
663,via-albani,20148,via albani,PORTELLO,3457 ,"11,50 "
664,via-silva,20149,via silva,PORTELLO,0,0
665,piazzale-lotto,20148,piazzale lotto,PORTELLO,0,0
666,piazzale-arduino,20149,piazzale arduino,PORTELLO,9475 ,"30,75 "
667,via-desiderio-da-settignano,20149,via desiderio da settignano,PORTELLO,5388 ,"17,00 "
668,via-demetrio-stratos,20100,via demetrio stratos,TRE TORRI,0,0
669,largo-domodossola--a,20145,largo domodossola  a,TRE TORRI,0,0
670,citylife,20145,citylife,TRE TORRI,0,0
671,piazza-sempione,20154,piazza sempione,PARCO SEMPIONE,0,0
672,via-luigi-camoens,20121,via luigi camoens,PARCO SEMPIONE,0,0
673,viale-emilio-alemagna,20121,viale emilio alemagna,PARCO SEMPIONE,0,0
674,triennale-di-milano,20121,triennale di milano,PARCO SEMPIONE,0,0
675,parco-sempione,20121,parco sempione,PARCO SEMPIONE,0,0
676,corso-sempione-n,20145,corso sempione n,PARCO SEMPIONE,0,0
677,via-cirillo,20154,via cirillo,PARCO SEMPIONE,-,-
678,via-giovanni-gherardini,20145,via giovanni gherardini,PARCO SEMPIONE,0,0
679,via-cesare-cesariano,20154,via cesare cesariano,PARCO SEMPIONE,0,0
680,via-cagnola,20154,via cagnola,PARCO SEMPIONE,0,0
681,viale-alemagna,20121,viale alemagna,PARCO SEMPIONE,0,0
682,corso-sempione,20154,corso sempione,PARCO SEMPIONE,4513 ,"13,51 "
683,via-camoens,20121,via camoens,PARCO SEMPIONE,0,0
684,via-piermarini,20145,via piermarini,PARCO SEMPIONE,0,0
685,corso-sempone,20145,corso sempone,PARCO SEMPIONE,0,0
686,viale-enrico-ibsen,20121,viale enrico ibsen,PARCO SEMPIONE,0,0
687,via-panfilo-castaldi,20124,via panfilo castaldi,GIARDINI PORTA VENEZIA,5175 ,"16,50 "
688,viale-vittorio-veneto,20124,viale vittorio veneto,GIARDINI PORTA VENEZIA,6171 ,"18,92 "
689,via-vittorio-veneto,20122,via vittorio veneto,GIARDINI PORTA VENEZIA,0,0
690,corso-porta-venezia,20122,corso porta venezia,GIARDINI PORTA VENEZIA,0,0
691,via-lazzaretto,20124,via lazzaretto,GIARDINI PORTA VENEZIA,0,0
692,via-lecco,20100,via lecco,GIARDINI PORTA VENEZIA,0,0
693,via-lazzaro-palazzi,20124,via lazzaro palazzi,GIARDINI PORTA VENEZIA,5175 ,"16,50 "
694,via-lodovico-settala,20124,via lodovico settala,GIARDINI PORTA VENEZIA,4282 ,"12,82 "
695,viale-tunisia,20124,viale tunisia,GIARDINI PORTA VENEZIA,0,0
696,bastioni-di-porta-venezia,20121,bastioni di porta venezia,GIARDINI PORTA VENEZIA,5775 ,"18,13 "
697,giardini-pubblici-indro-montanelli,20121,giardini pubblici indro montanelli,GIARDINI PORTA VENEZIA,0,0
698,via-forcella,20144,via forcella,TORTONA,3975 ,"10,75 "
699,via-bergognone,20144,via bergognone,TORTONA,0,0
700,largo-della-culture,20144,largo della culture,TORTONA,0,0
701,via-valenza,20144,via valenza,TORTONA,0,0
702,ripa-di-porta-ticinese,20134,ripa di porta ticinese,TORTONA,0,0
703,via-angelo-fumagalli,20143,via angelo fumagalli,TORTONA,3975 ,"10,75 "
704,via-vincenzo-forcella,20144,via vincenzo forcella,TORTONA,0,0
705,via-casale,20144,via casale,TORTONA,3975 ,"10,75 "
706,piazza-del-rosario,20100,piazza del rosario,TORTONA,0,0
707,via-pietro-orseolo,20144,via pietro orseolo,TORTONA,0,0
708,via-montevideo,20144,via montevideo,TORTONA,3975 ,"10,75 "
709,via-pasquale-paoli,20143,via pasquale paoli,TORTONA,3975 ,"10,75 "
710,alzaia-alzaia-naviglio-grande,20100,alzaia alzaia naviglio grande,TORTONA,0,0
711,via-vigevano,20144,via vigevano,TORTONA,0,0
712,pasquale-paoli,20143,pasquale paoli,TORTONA,0,0
713,corso-cristoforo-colombo,20144,corso cristoforo colombo,TORTONA,0,0
714,via-alzaia-naviglio-grande,20144,via alzaia naviglio grande,TORTONA,0,0
715,via-alessandria,20144,via alessandria,TORTONA,3975 ,"10,75 "
716,via-savona-a,20144,via savona a,TORTONA,0,0
717,ripa-porta-ticinese,20123,ripa porta ticinese,TORTONA,0,0
718,via-lombardini,20143,via lombardini,TORTONA,0,0
719,via-corsico,20143,via corsico,NAVIGLI,0,0
720,via-fusetti,20143,via fusetti,NAVIGLI,0,0
721,via-argelati,20143,via argelati,NAVIGLI,0,0
722,vicolo-dei-lavandai,20143,vicolo dei lavandai,NAVIGLI,0,0
723,via-gola,20143,via gola,NAVIGLI,0,0
724,via-mario-pichi,20143,via mario pichi,NAVIGLI,3975 ,"10,75 "
725,via-giosuè-borsi,20143,via giosuè borsi,NAVIGLI,0,0
726,via-privata-bobbio,20144,via privata bobbio,NAVIGLI,4650 ,"12,75 "
727,alzaia-naviglio,20144,alzaia naviglio,NAVIGLI,0,0
728,piazzale-antonio-cantore,20123,piazzale antonio cantore,NAVIGLI,0,0
729,via-romolo,20143,via romolo,NAVIGLI,0,0
730,corso-ripa-di-porta-ticinese,20144,corso ripa di porta ticinese,NAVIGLI,0,0
731,via-giuseppe-lagrange,20136,via giuseppe lagrange,NAVIGLI,3875 ,"10,75 "
732,via-carlo-torre,20143,via carlo torre,NAVIGLI,0,0
733,via-lagrange,20136,via lagrange,NAVIGLI,0,0
734,via-cesariano,20143,via cesariano,NAVIGLI,0,0
735,via-pietro-calvi,20129,via pietro calvi,XXII MARZO,0,0
736,via-archimede,20129,via archimede,XXII MARZO,5165 ,"15,80 "
737,corso-xxii-marzo,10135,corso xxii marzo,XXII MARZO,0,0
738,via-bezzecca,20135,via bezzecca,XXII MARZO,0,0
739,piazza-santa-maria-del-suffragio,20129,piazza santa maria del suffragio,XXII MARZO,0,0
740,via-benvenuto-cellini,20135,via benvenuto cellini,XXII MARZO,0,0
741,via-augusto-anfossi,20135,via augusto anfossi,XXII MARZO,0,0
742,via-galvano-fiamma,20024,via galvano fiamma,XXII MARZO,0,0
743,via-anzani,20135,via anzani,XXII MARZO,0,0
744,via-pasquale-sottocorno,20129,via pasquale sottocorno,XXII MARZO,0,0
745,via-anfossi,20135,via anfossi,XXII MARZO,5071 ,"14,55 "
746,viale-montenero,20135,viale montenero,XXII MARZO,0,0
747,piazza-cinque-giornate,20129,piazza cinque giornate,XXII MARZO,7167 ,"21,34 "
748,via-amatore-sciesa,20100,via amatore sciesa,XXII MARZO,0,0
749,via-spartaco,20151,via spartaco,XXII MARZO,0,0
750,via-cadore,20135,via cadore,XXII MARZO,-,-
751,viale-piceno,20100,viale piceno,XXII MARZO,0,0
752,corso-concordia,20100,corso concordia,XXII MARZO,0,0
753,via-andrea-maffei,20135,via andrea maffei,XXII MARZO,0,0
754,via-guicciardini,20156,via guicciardini,XXII MARZO,0,0
755,viale-premuda,20129,viale premuda,XXII MARZO,0,0
756,via-giovanni-cena,20135,via giovanni cena,XXII MARZO,0,0
757,piazza-risorgimento,20129,piazza risorgimento,XXII MARZO,-,-
758,viale-regina-margherita,20122,viale regina margherita,XXII MARZO,7167 ,"21,34 "
759,via-bronzetti,20129,via bronzetti,XXII MARZO,0,0
760,via-carlo-pisacane,20129,via carlo pisacane,XXII MARZO,0,0
761,via-fontana,20100,via fontana,XXII MARZO,0,0
762,via-carlo-poma,20129,via carlo poma,XXII MARZO,0,0
763,via-calvi,20129,via calvi,XXII MARZO,0,0
764,via-macedonio-melloni,20129,via macedonio melloni,XXII MARZO,3163 ,"10,25 "
765,piazza-del-tricolore,20129,piazza del tricolore,XXII MARZO,0,0
766,via-broggi,20129,via broggi,BUENOS AIRES - VENEZIA,0,0
767,via-eustachi,20129,via eustachi,BUENOS AIRES - VENEZIA,0,0
768,via-giorgio-jan,20129,via giorgio jan,BUENOS AIRES - VENEZIA,0,0
769,via-giovanni-battista-morgagni,20129,via giovanni battista morgagni,BUENOS AIRES - VENEZIA,0,0
770,via-lazzaro-spallanzani,20129,via lazzaro spallanzani,BUENOS AIRES - VENEZIA,5175 ,"16,50 "
771,via-paracelso,20129,via paracelso,BUENOS AIRES - VENEZIA,0,0
772,viale-regina-giovanna,20129,viale regina giovanna,BUENOS AIRES - VENEZIA,0,0
773,corso-buenos-aires,20124,corso buenos aires,BUENOS AIRES - VENEZIA,5175 ,"16,50 "
774,via-rosolino-pilo,20129,via rosolino pilo,BUENOS AIRES - VENEZIA,0,0
775,via-ruggero-boscovich,20129,via ruggero boscovich,BUENOS AIRES - VENEZIA,0,0
776,via-stoppani,20129,via stoppani,BUENOS AIRES - VENEZIA,0,0
777,via-masera,20124,via masera,BUENOS AIRES - VENEZIA,0,0
778,via-melzo,20129,via melzo,BUENOS AIRES - VENEZIA,5175 ,"16,50 "
779,via-scipioni,20129,via scipioni,BUENOS AIRES - VENEZIA,0,0
780,via-abamonti,20129,via abamonti,BUENOS AIRES - VENEZIA,0,0
781,via-sirtori,20100,via sirtori,BUENOS AIRES - VENEZIA,0,0
782,via-gaspare-spontini,20131,via gaspare spontini,BUENOS AIRES - VENEZIA,5175 ,"16,50 "
783,via-san-gregorio,20124,via san gregorio,BUENOS AIRES - VENEZIA,5175 ,"16,50 "
784,via-carlo-matteucci,20129,via carlo matteucci,BUENOS AIRES - VENEZIA,0,0
785,via-antonio-stoppani,20129,via antonio stoppani,BUENOS AIRES - VENEZIA,0,0
786,via-alessandro-tadino,20124,via alessandro tadino,BUENOS AIRES - VENEZIA,4282 ,"12,82 "
787,via-federico-ozanam,20100,via federico ozanam,BUENOS AIRES - VENEZIA,0,0
788,piazza-guglielmo-oberdan,20121,piazza guglielmo oberdan,BUENOS AIRES - VENEZIA,6375 ,"19,75 "
789,via-tadino,20124,via tadino,BUENOS AIRES - VENEZIA,0,0
790,via-castel-morrone,20129,via castel morrone,BUENOS AIRES - VENEZIA,0,0
791,piazza-lima,20124,piazza lima,BUENOS AIRES - VENEZIA,0,0
792,via-spontini,20129,via spontini,BUENOS AIRES - VENEZIA,0,0
793,via-scarlatti,20124,via scarlatti,BUENOS AIRES - VENEZIA,0,0
794,via-malpighi,20129,via malpighi,BUENOS AIRES - VENEZIA,0,0
795,piazza-aspromonte,20131,piazza aspromonte,BUENOS AIRES - VENEZIA,0,0
796,via-paganini-niccolo,20131,via paganini niccolo,BUENOS AIRES - VENEZIA,0,0
797,via-vitruvio,20124,via vitruvio,BUENOS AIRES - VENEZIA,0,0
798,via-felice-casati,20124,via felice casati,BUENOS AIRES - VENEZIA,5175 ,"16,50 "
799,viale-piave,20129,viale piave,BUENOS AIRES - VENEZIA,0,0
800,via-paolo-frisi,20129,via paolo frisi,BUENOS AIRES - VENEZIA,0,0
801,via-san-bernardo,20139,via san bernardo,CHIARAVALLE,0,0
802,via-federico-chopin,20141,via federico chopin,PARCO DELLE ABBAZIE,0,0
803,via-macconago,20141,via macconago,PARCO DELLE ABBAZIE,0,0
804,via-muzio-attendolo-detto-sforza,20141,via muzio attendolo detto sforza,PARCO DELLE ABBAZIE,0,0
805,via-bruno-cassinari,20138,via bruno cassinari,ROGOREDO,2438 ,"7,50 "
806,via-cassinari,20138,via cassinari,ROGOREDO,0,0
807,via-francesco-pizzolpasso,20138,via francesco pizzolpasso,ROGOREDO,0,0
808,via-rogoredo,20138,via rogoredo,ROGOREDO,0,0
809,via-monte-palombino,20138,via monte palombino,ROGOREDO,0,0
810,via-monte-cengio,20138,via monte cengio,ROGOREDO,0,0
811,via-pizzolpasso,20138,via pizzolpasso,ROGOREDO,0,0
812,via-gian-battista-cassinis,20139,via gian battista cassinis,ROGOREDO,0,0
813,via-monte-popera,20138,via monte popera,ROGOREDO,0,0
814,via-quintiliano,20138,via quintiliano,MECENATE,0,0
815,via-carlo-de-angeli,20141,via carlo de angeli,RIPAMONTI,0,0
816,via-antonio-pasinetti,20141,via antonio pasinetti,RIPAMONTI,2588 ,"7,00 "
817,via-balbo,20136,via balbo,RIPAMONTI,0,0
818,viale-toscana,20100,viale toscana,RIPAMONTI,0,0
819,pietrasanta,20141,pietrasanta,RIPAMONTI,0,0
820,via-pietrasanta,20141,via pietrasanta,RIPAMONTI,2750 ,"9,25 "
821,via-antonini,20141,via antonini,RIPAMONTI,0,0
822,viale-monza,20128,viale monza,VIALE MONZA,2450 ,"7,75 "
823,via-livraghi,20126,via livraghi,VIALE MONZA,0,0
824,via-lucio-giunio-columella,20128,via lucio giunio columella,VIALE MONZA,2450 ,"7,75 "
825,via-privata-galeno,20126,via privata galeno,VIALE MONZA,0,0
826,via-cislaghi,20128,via cislaghi,VIALE MONZA,0,0
827,via-erodoto,20126,via erodoto,VIALE MONZA,0,0
828,via-pompeo-mariani,20128,via pompeo mariani,VIALE MONZA,0,0
829,via-ernesto-breda,20126,via ernesto breda,VIALE MONZA,2450 ,"7,75 "
830,piazza-indro-montanelli,20099,piazza indro montanelli,VIALE MONZA,0,0
831,via-fratelli-bressan,20126,via fratelli bressan,VIALE MONZA,0,0
832,via-rucellai,20126,via rucellai,VIALE MONZA,0,0
833,via-bernardo-rucellai,20126,via bernardo rucellai,VIALE MONZA,0,0
834,via-pericle,20126,via pericle,VIALE MONZA,0,0
835,viale-marelli,20099,viale marelli,VIALE MONZA,0,0
836,piazza-luigi-di-savoia,20125,piazza luigi di savoia,CENTRALE,0,0
837,via-ferrante-aporti,20127,via ferrante aporti,CENTRALE,0,0
838,stazione-milano-centrale,20158,stazione milano centrale,CENTRALE,0,0
839,viale-andrea-doria,20124,viale andrea doria,CENTRALE,0,0
840,via-tonale,20125,via tonale,CENTRALE,3388 ,"9,13 "
841,via-copernico,20125,via copernico,CENTRALE,0,0
842,stazione-centrale,20125,stazione centrale,CENTRALE,0,0
843,via-luigi-galvani,20124,via luigi galvani,CENTRALE,0,0
844,via-mauro-macchi,20124,via mauro macchi,CENTRALE,4282 ,"12,82 "
845,via-napo-torriani,20124,via napo torriani,CENTRALE,5175 ,"16,50 "
846,piazza-san-camillo-de-lellis,20124,piazza san camillo de lellis,CENTRALE,0,0
847,via-melchiorre-gioia,20124,via melchiorre gioia,CENTRALE,6563 ,"21,71 "
848,via-gustavo-fara,20124,via gustavo fara,CENTRALE,0,0
849,via-emanuele-muzio,20124,via emanuele muzio,CENTRALE,3388 ,"9,13 "
850,via-vittor-pisani,20124,via vittor pisani,CENTRALE,0,0
851,piazza-quattro-novembre,20124,piazza quattro novembre,CENTRALE,0,0
852,via-aminto-caretto,20124,via aminto caretto,CENTRALE,0,0
853,piazza-città-di-lombardia,20124,piazza città di lombardia,CENTRALE,0,0
854,via-gustavo-generale-fara,20124,via gustavo generale fara,CENTRALE,0,0
855,via-lepetit,20127,via lepetit,CENTRALE,0,0
856,via-settembrini,20124,via settembrini,CENTRALE,0,0
857,via-bruschetti,20125,via bruschetti,CENTRALE,0,0
858,via-palestrina,20124,via palestrina,CENTRALE,0,0
859,via-benedetto-marcello,20124,via benedetto marcello,CENTRALE,0,0
860,via-adda,20124,via adda,CENTRALE,0,0
861,via-filzi,20100,via filzi,CENTRALE,0,0
862,via-domenico-scarlatti,20124,via domenico scarlatti,CENTRALE,0,0
863,viale-brianza,20127,viale brianza,CENTRALE,2625 ,"8,25 "
864,via-girolamo-cardano,20124,via girolamo cardano,CENTRALE,0,0
865,via-alfredo-cappellini,20124,via alfredo cappellini,CENTRALE,5175 ,"16,50 "
866,via-gluck,20125,via gluck,CENTRALE,0,0
867,via-fara,20124,via fara,CENTRALE,0,0
868,via-fabio-filzi,20124,via fabio filzi,CENTRALE,0,0
869,via-giovanni-schiaparelli,20125,via giovanni schiaparelli,CENTRALE,0,0
870,via-settala,20124,via settala,CENTRALE,0,0
871,via-nappo-torriani,20124,via nappo torriani,CENTRALE,0,0
872,via-emilio-cornalia,20124,via emilio cornalia,CENTRALE,0,0
873,via-pirelli,20124,via pirelli,CENTRALE,0,0
874,via-sammartini,20125,via sammartini,CENTRALE,0,0
875,via-generale-gustavo-fara,20124,via generale gustavo fara,CENTRALE,0,0
876,via-boscovich,20124,via boscovich,CENTRALE,0,0
877,via-cornalia,20124,via cornalia,CENTRALE,0,0
878,via-popoli-uniti,20127,via popoli uniti,GRECO,0,0
879,via-zuretti,20125,via zuretti,GRECO,0,0
880,via-della-giustizia,20125,via della giustizia,GRECO,2625 ,"8,25 "
881,via-giulio-e-corrado-venini,20127,via giulio e corrado venini,GRECO,2625 ,"8,25 "
882,via-giovanni-battista-sammartini,20125,via giovanni battista sammartini,GRECO,0,0
883,via-comune-antico,20125,via comune antico,GRECO,0,0
884,via-cagliero,20125,via cagliero,GRECO,0,0
885,via-delle-leghe,20127,via delle leghe,GRECO,2625 ,"8,25 "
886,via-varanini,20127,via varanini,GRECO,0,0
887,via-nino-oxilia,20127,via nino oxilia,GRECO,0,0
888,piazza-morbegno,20125,piazza morbegno,GRECO,0,0
889,via-emilio-de-marchi,20125,via emilio de marchi,GRECO,0,0
890,via-oxilia,20127,via oxilia,GRECO,0,0
891,via-venini,20127,via venini,GRECO,0,0
892,via-tirano,20125,via tirano,GRECO,0,0
893,via-luciano-zuccoli,20125,via luciano zuccoli,GRECO,0,0
894,via-san-rafael-delle-ande,20125,via san rafael delle ande,GRECO,0,0
895,via-gianfranco-zuretti,20125,via gianfranco zuretti,GRECO,2625 ,"8,25 "
896,via-antonio-stradivari,20131,via antonio stradivari,LORETO,0,0
897,via-paganini,20132,via paganini,LORETO,0,0
898,via-pierluigi-da-palestrina,20124,via pierluigi da palestrina,LORETO,0,0
899,via-porpora,20131,via porpora,LORETO,0,0
900,via-temperanza,20127,via temperanza,LORETO,0,0
901,via-annibale-caretta,20131,via annibale caretta,LORETO,0,0
902,piazza-argentina,20131,piazza argentina,LORETO,5175 ,"16,50 "
903,via-pergolesi,20124,via pergolesi,LORETO,0,0
904,viale-lombardia,20131,viale lombardia,LORETO,0,0
905,via-giovanni-ricordi,20131,via giovanni ricordi,LORETO,0,0
906,via-natale-battaglia,20127,via natale battaglia,LORETO,2625 ,"8,25 "
907,via-pietro-marocco,20127,via pietro marocco,LORETO,2625 ,"8,25 "
908,via-andrea-costa,20131,via andrea costa,LORETO,2894 ,"9,25 "
909,via-giovan-battista-pergolesi,20124,via giovan battista pergolesi,LORETO,0,0
910,piazza-aspromonte--,20131,piazza aspromonte -,LORETO,0,0
911,via-niccolò-paganini,20131,via niccolò paganini,LORETO,0,0
912,via-soperga,20127,via soperga,LORETO,2625 ,"8,25 "
913,via-alessandro-pestalozza,20131,via alessandro pestalozza,LORETO,0,0
914,via-tucidide,20134,via tucidide,PARCO FORLANINI - ORTICA,0,0
915,via-giovanni-antonio-amadeo,20133,via giovanni antonio amadeo,PARCO FORLANINI - ORTICA,0,0
916,via-ortica,20134,via ortica,PARCO FORLANINI - ORTICA,0,0
917,via-ajaccio,20133,via ajaccio,PARCO FORLANINI - ORTICA,0,0
918,via-antonio-amadeo,20134,via antonio amadeo,PARCO FORLANINI - ORTICA,0,0
919,via-ettore-paladini,20133,via ettore paladini,PARCO FORLANINI - ORTICA,0,0
920,via-gualdo-priorato,20134,via gualdo priorato,PARCO FORLANINI - ORTICA,0,0
921,via-arcangelo-corelli,20134,via arcangelo corelli,PARCO FORLANINI - ORTICA,0,0
922,via-san-faustino,20134,via san faustino,PARCO FORLANINI - ORTICA,0,0
923,via-alfonso-gatto,20135,via alfonso gatto,PARCO FORLANINI - ORTICA,0,0
924,via-sismondi,20133,via sismondi,PARCO FORLANINI - ORTICA,0,0
925,via-tajani,20100,via tajani,PARCO FORLANINI - ORTICA,0,0
926,via-raffaele-rubattino,20134,via raffaele rubattino,PARCO FORLANINI - ORTICA,0,0
927,viale-enrico-forlanini,20134,viale enrico forlanini,PARCO FORLANINI - ORTICA,0,0
928,via-luigi-federico-menabrea,20159,via luigi federico menabrea,MACIACHINI - MAGGIOLINA,0,0
929,via-valtellina,20159,via valtellina,MACIACHINI - MAGGIOLINA,0,0
930,viale-jenner,20159,viale jenner,MACIACHINI - MAGGIOLINA,0,0
931,via-sommacampagna,20158,via sommacampagna,MACIACHINI - MAGGIOLINA,0,0
932,via-genova-giovanni-thaon-di-revel,20159,via genova giovanni thaon di revel,MACIACHINI - MAGGIOLINA,0,0
933,via-boltraffio,20159,via boltraffio,MACIACHINI - MAGGIOLINA,0,0
934,via-thaon-di-revel,20159,via thaon di revel,MACIACHINI - MAGGIOLINA,0,0
935,via-lepontina,20159,via lepontina,MACIACHINI - MAGGIOLINA,3388 ,"9,13 "
936,via-resegone,20159,via resegone,MACIACHINI - MAGGIOLINA,0,0
937,via-valassina,20159,via valassina,MACIACHINI - MAGGIOLINA,0,0
938,via-dino-villani,20159,via dino villani,MACIACHINI - MAGGIOLINA,0,0
939,viale-stelvio,20159,viale stelvio,MACIACHINI - MAGGIOLINA,3388 ,"9,13 "
940,via-thaon-de-revel,20159,via thaon de revel,MACIACHINI - MAGGIOLINA,0,0
941,via-alserio,20159,via alserio,MACIACHINI - MAGGIOLINA,0,0
942,piazzale-carlo-maciachini,20159,piazzale carlo maciachini,MACIACHINI - MAGGIOLINA,3007 ,"8,69 "
943,viale-marche,20159,viale marche,MACIACHINI - MAGGIOLINA,3007 ,"8,69 "
944,via-gian-antonio-boltraffio,20159,via gian antonio boltraffio,MACIACHINI - MAGGIOLINA,0,0
945,via-murat,20159,via murat,MACIACHINI - MAGGIOLINA,0,0
946,via-gioacchino-murat,20159,via gioacchino murat,MACIACHINI - MAGGIOLINA,2625 ,"8,25 "
947,via-vincenzo-lancetti,20158,via vincenzo lancetti,MACIACHINI - MAGGIOLINA,0,0
948,via-lancetti,20158,via lancetti,MACIACHINI - MAGGIOLINA,0,0
949,via-jacopo-dal-verme,20124,via jacopo dal verme,ISOLA,0,0
950,via-sebenico,20124,via sebenico,ISOLA,0,0
951,via-borsieri,20159,via borsieri,ISOLA,0,0
952,piazza-tito-minniti,20159,piazza tito minniti,ISOLA,0,0
953,via-luigi-porro-lambertenghi,20159,via luigi porro lambertenghi,ISOLA,0,0
954,via-pietro-borsieri,20159,via pietro borsieri,ISOLA,0,0
955,via-pollaiuolo,20159,via pollaiuolo,ISOLA,0,0
956,piazzale-archinto,20159,piazzale archinto,ISOLA,0,0
957,piazzale-segrino,20159,piazzale segrino,ISOLA,0,0
958,via-antonio-pollaiuolo,20159,via antonio pollaiuolo,ISOLA,0,0
959,piazzale-lagosta,20124,piazzale lagosta,ISOLA,0,0
960,piazza-gae-aulenti,20159,piazza gae aulenti,ISOLA,0,0
961,via-gaetano-de-castillia,20124,via gaetano de castillia,ISOLA,0,0
962,piazza-minniti,20159,piazza minniti,ISOLA,0,0
963,viale-luigi-sturzo,20154,viale luigi sturzo,ISOLA,5175 ,"16,50 "
964,via-garigliano,20159,via garigliano,ISOLA,0,0
965,via-spalato,20124,via spalato,ISOLA,0,0
966,via-delle-abbadesse,20124,via delle abbadesse,ISOLA,0,0
967,via-sassetti,20124,via sassetti,ISOLA,0,0
968,via-arnaldo-da-brescia,20159,via arnaldo da brescia,ISOLA,0,0
969,via-abbadesse,20124,via abbadesse,ISOLA,3388 ,"9,13 "
970,via-vincenzo-civerchio,20159,via vincenzo civerchio,ISOLA,0,0
971,via-alessio-di-tocqueville,20154,via alessio di tocqueville,ISOLA,0,0
972,via-tocqueville,20124,via tocqueville,ISOLA,0,0
973,via-paolo-lomazzo,20154,via paolo lomazzo,SARPI,0,0
974,via-giulio-cesare-procaccini,20154,via giulio cesare procaccini,SARPI,0,0
975,via-aleardi,20154,via aleardi,SARPI,0,0
976,via-piero-della-francesca,20154,via piero della francesca,SARPI,3638 ,"10,00 "
977,via-londonio,20154,via londonio,SARPI,0,0
978,via-moscati,20154,via moscati,SARPI,0,0
979,piazza-gramsci,20145,piazza gramsci,SARPI,0,0
980,via-sarpi,20154,via sarpi,SARPI,0,0
981,via-canonica,20154,via canonica,SARPI,0,0
982,via-castelvetro,20154,via castelvetro,SARPI,0,0
983,via-privata-alfredo-albertini,20154,via privata alfredo albertini,SARPI,0,0
984,via-cenisio,20154,via cenisio,SARPI,4513 ,"13,51 "
985,via-losanna,20154,via losanna,SARPI,0,0
986,via-mussi,20154,via mussi,SARPI,0,0
987,via-angelo-poliziano,20154,via angelo poliziano,SARPI,0,0
988,via-giovanni-battista-fauchè,20154,via giovanni battista fauchè,SARPI,0,0
989,via-lodovico-castelvetro,20154,via lodovico castelvetro,SARPI,0,0
990,via-fauché,20154,via fauché,SARPI,0,0
991,via-francesco-ferrucci,20145,via francesco ferrucci,SARPI,0,0
992,via-bramante,20154,via bramante,SARPI,0,0
993,viale-berengario,20149,viale berengario,DE ANGELI - MONTE ROSA,7432 ,"23,88 "
994,via-gaetano-previati,20149,via gaetano previati,DE ANGELI - MONTE ROSA,5388 ,"17,00 "
995,viale-monterosa,20149,viale monterosa,DE ANGELI - MONTE ROSA,0,0
996,piazzale-giulio-cesare,20149,piazzale giulio cesare,DE ANGELI - MONTE ROSA,0,0
997,via-giuseppe-pellizza-da-volpedo,20149,via giuseppe pellizza da volpedo,DE ANGELI - MONTE ROSA,5388 ,"17,00 "
998,via-monte-rosa,20149,via monte rosa,DE ANGELI - MONTE ROSA,0,0
999,via-correggio,20149,via correggio,DE ANGELI - MONTE ROSA,5388 ,"17,00 "
1000,via-mosè-bianchi,20148,via mosè bianchi,DE ANGELI - MONTE ROSA,0,0
1001,piazza-giovanni-amendola,20149,piazza giovanni amendola,DE ANGELI - MONTE ROSA,0,0
1002,via-spagnoletto,20149,via spagnoletto,DE ANGELI - MONTE ROSA,5388 ,"17,00 "
1003,piazzale-brescia,20149,piazzale brescia,DE ANGELI - MONTE ROSA,2700 ,"9,50 "
1004,via-domenichino,20149,via domenichino,DE ANGELI - MONTE ROSA,0,0
1005,via-cola-di-rienzo,20144,via cola di rienzo,WASHINGTON,3975 ,"10,75 "
1006,via-coluccio-salutati,20144,via coluccio salutati,WASHINGTON,5388 ,"17,00 "
1007,via-roncaglia,20146,via roncaglia,WASHINGTON,4044 ,"13,26 "
1008,via-vincenzo-foppa,20144,via vincenzo foppa,WASHINGTON,0,0
1009,via-giacomo-boni,20144,via giacomo boni,WASHINGTON,0,0
1010,via-tagiura,20146,via tagiura,WASHINGTON,0,0
1011,via-dezza,20144,via dezza,WASHINGTON,0,0
1012,via-sirte,20146,via sirte,WASHINGTON,0,0
1013,piazzale-siena,20146,piazzale siena,BANDE NERE,0,0
1014,viale-caterina-da-forlì,20146,viale caterina da forlì,BANDE NERE,0,0
1015,via-montecuccoli,20147,via montecuccoli,BANDE NERE,2700 ,"9,50 "
1016,piazza-bande-nere,20147,piazza bande nere,BANDE NERE,0,0
1017,via-privata-raimondo-montecuccoli,20147,via privata raimondo montecuccoli,BANDE NERE,0,0
1018,via-moroni,20146,via moroni,BANDE NERE,0,0
1019,via-novara,20148,via novara,BANDE NERE,2700 ,"9,50 "
1020,via-trivulzio,20146,via trivulzio,BANDE NERE,0,0
1021,via-rubens,20148,via rubens,BANDE NERE,4044 ,"13,26 "
1022,via-millelire,20157,via millelire,BANDE NERE,0,0
1023,via-orsini,20146,via orsini,BANDE NERE,0,0
1024,via-desenzano,20146,via desenzano,BANDE NERE,0,0
1025,via-sofonisba-anguissola,20146,via sofonisba anguissola,BANDE NERE,2700 ,"9,50 "
1026,via-pietro-paolo-rubens,20148,via pietro paolo rubens,BANDE NERE,0,0
1027,via-dei-ciclamini,20147,via dei ciclamini,BANDE NERE,2300 ,"8,25 "
1028,viale-san-gimignano,20146,viale san gimignano,BANDE NERE,2700 ,"9,50 "
1029,via-primaticcio,20147,via primaticcio,BANDE NERE,0,0
1030,via-soderini,20146,via soderini,BANDE NERE,0,0
1031,via-pisanello,20146,via pisanello,BANDE NERE,0,0
1032,viale-pisa,20146,viale pisa,BANDE NERE,0,0
1033,via-pasquale-fornari,20146,via pasquale fornari,BANDE NERE,0,0
1034,viale-legioni-romane,20147,viale legioni romane,BANDE NERE,2500 ,"8,88 "
1035,via-jacopo-palma,20146,via jacopo palma,BANDE NERE,2700 ,"9,50 "
1036,viale-aretusa,20147,viale aretusa,BANDE NERE,0,0
1037,via-arzaga,20146,via arzaga,BANDE NERE,2700 ,"9,50 "
1038,via-giuseppe-gabetti,20147,via giuseppe gabetti,FORZE ARMATE,2300 ,"8,25 "
1039,via-alessandro-fleming,20147,via alessandro fleming,FORZE ARMATE,0,0
1040,piazza-amati,20147,piazza amati,FORZE ARMATE,0,0
1041,piazza-gambara,20145,piazza gambara,FORZE ARMATE,0,0
1042,via-marostica,20146,via marostica,FORZE ARMATE,0,0
1043,via-cascina-bellaria,20153,via cascina bellaria,PARCO BOSCO IN CITTA',2225 ,"7,25 "
1044,via-caldera,20153,via caldera,PARCO BOSCO IN CITTA',0,0
1045,via-curtatone,20122,via curtatone,PORTA ROMANA,0,0
1046,via-della-braida,20122,via della braida,PORTA ROMANA,0,0
1047,via-pier-lombardo,20135,via pier lombardo,PORTA ROMANA,0,0
1048,via-monte-nero,20135,via monte nero,PORTA ROMANA,0,0
1049,via-carlo-botta,20121,via carlo botta,PORTA ROMANA,0,0
1050,viale-emilio-caldara,20122,viale emilio caldara,PORTA ROMANA,7167 ,"21,34 "
1051,via-enrico-besana,20122,via enrico besana,PORTA ROMANA,0,0
1052,via-bergamo,20135,via bergamo,PORTA ROMANA,0,0
1053,via-antonio-fogazzaro,20135,via antonio fogazzaro,PORTA ROMANA,0,0
1054,piazza-santeustorgio,20122,piazza santeustorgio,TICINESE,0,0
1055,viale-gian-galeazzo,20136,viale gian galeazzo,TICINESE,5375 ,"16,75 "
1056,piazzale--maggio,20123,piazzale  maggio,TICINESE,0,0
1057,piazza-ventiquattro-maggio,20123,piazza ventiquattro maggio,TICINESE,0,0
1058,parco-delle-basiliche,20123,parco delle basiliche,TICINESE,0,0
1059,corso-di-porta-ticinese,20123,corso di porta ticinese,TICINESE,0,0
1060,piazza-xxiv-maggio,20123,piazza xxiv maggio,TICINESE,0,0
1061,via-crema,20135,via crema,TICINESE,0,0
1062,via-molino-delle-armi,20123,via molino delle armi,TICINESE,0,0
1063,viale-col-di-lana,20136,viale col di lana,TICINESE,0,0
1064,via-col-di-lana,20136,via col di lana,TICINESE,0,0
1065,via-pietro-custodi,20136,via pietro custodi,TICINESE,4650 ,"14,75 "
1066,via-giovenale,20136,via giovenale,TICINESE,3875 ,"10,75 "
1067,via-custodi,20136,via custodi,TICINESE,0,0
1068,via-vettabbia,20122,via vettabbia,TICINESE,5425 ,"18,75 "
1069,via-pio-iv,20123,via pio iv,TICINESE,7200 ,"21,00 "
1070,piazzale-le-di-porta-lodovica,20136,piazzale le di porta lodovica,TICINESE,0,0
1071,piazza-tito-lucrezio-caro,20136,piazza tito lucrezio caro,TICINESE,3875 ,"10,75 "
1072,conca-del-naviglio,20123,conca del naviglio,TICINESE,0,0
1073,via-edmondo-de-amicis,20123,via edmondo de amicis,TICINESE,0,0
1074,via-disciplini,20123,via disciplini,TICINESE,7200 ,"21,00 "
1075,via-conca-del-naviglio,20123,via conca del naviglio,TICINESE,5325 ,"14,75 "
1076,via-röntgen,20136,via röntgen,TICINESE,0,0
1077,viale-bligny,20136,viale bligny,TICINESE,0,0
1078,via-stampa,20123,via stampa,TICINESE,7550 ,"22,17 "
1079,via-gentilino,20134,via gentilino,TICINESE,0,0
1080,via-gian-battista-torti,20123,via gian battista torti,TICINESE,0,0
1081,via-giuseppe-mercalli,20122,via giuseppe mercalli,TICINESE,0,0
1082,via-gian-giacomo-mora,20123,via gian giacomo mora,TICINESE,0,0
1083,via-del-mare,20142,via del mare,CANTALUPA,0,0
1084,via-cascina-bianca,20142,via cascina bianca,CANTALUPA,0,0
1085,via-bardolino,20142,via bardolino,PARCO DEI NAVIGLI,0,0
1086,buccinasco-lombardia,20090,buccinasco lombardia,PARCO DEI NAVIGLI,0,0
1087,via-indipendenza,20090,via indipendenza,PARCO DEI NAVIGLI,0,0
1088,viale-cassiodoro,20145,viale cassiodoro,PAGANO,5388 ,"17,00 "
1089,via-rasori,20145,via rasori,PAGANO,0,0
1090,largo-zandonai,20145,largo zandonai,PAGANO,0,0
1091,via-alberto-da-giussano,20145,via alberto da giussano,PAGANO,0,0
1092,via-ludovico-ariosto,20123,via ludovico ariosto,PAGANO,0,0
1093,viale-belisario,20145,viale belisario,PAGANO,5388 ,"17,00 "
1094,via-mario-pagano,20145,via mario pagano,PAGANO,-,-
1095,piazza-della-repubblica,20124,piazza della repubblica,GARIBALDI REPUBBLICA,5175 ,"16,50 "
1096,via-marco-polo,20124,via marco polo,GARIBALDI REPUBBLICA,0,0
1097,via-parini,20121,via parini,GARIBALDI REPUBBLICA,0,0
1098,viale-monte-grappa,20124,viale monte grappa,GARIBALDI REPUBBLICA,0,0
1099,viale-della-liberazione,20124,viale della liberazione,GARIBALDI REPUBBLICA,0,0
1100,piazza-repubblica,20121,piazza repubblica,GARIBALDI REPUBBLICA,0,0
1101,via-amerigo-vespucci,20124,via amerigo vespucci,GARIBALDI REPUBBLICA,0,0
1102,via-vespucci,20124,via vespucci,GARIBALDI REPUBBLICA,0,0
1103,via-filippo-turati,20121,via filippo turati,GARIBALDI REPUBBLICA,0,0
1104,via-turati,20121,via turati,GARIBALDI REPUBBLICA,0,0
1105,gustavo-fara,20124,gustavo fara,GARIBALDI REPUBBLICA,0,0
1106,piazza-san-gioachimo,20124,piazza san gioachimo,GARIBALDI REPUBBLICA,0,0
1107,via-ugo-tarchetti,20121,via ugo tarchetti,GARIBALDI REPUBBLICA,0,0
1108,via-moscova,20121,via moscova,GARIBALDI REPUBBLICA,0,0
1109,via-viganó,20124,via viganó,GARIBALDI REPUBBLICA,0,0
1110,via-della-moscova,20121,via della moscova,GARIBALDI REPUBBLICA,0,0
1111,via-renzo-bertoni,20121,via renzo bertoni,GARIBALDI REPUBBLICA,0,0
